Nome Do Pregão,Código,Denominação Social,Segmento De Mercado,Tipo De Capital,Capital R$,Aprovado Em,Qtde Ações Ordinárias,Qtde Ações Preferenciais,Qtde Total De Ações,CNPJ,Código CVM,Ticker,Atividade Principal,Setor Econômico,Subsetor Econômico,Segmento Econômico,Site,Url
ATMASA,ATMP,ATMA PARTICIPAÇÕES S.A.,NOVO MERCADO,Homologado,1419402983.96,15/12/2021,26710356,0,26710356,04.032.433/0001-80,19100,ATMP3.SA,A ATMA Participações S.A. tem como objeto social a participação. direta e indireta. em outras sociedades comerciais e civis. como sócia. acionista ou quotista. no país ou no exterior.,Bens Industriais,Serviços,Serviços Diversos,www.liq.com.br,https://sistemaswebb3-listados.b3.com.br/listedCompaniesPage/main/19100/ATMP/overview?language=pt-br
CCR SA,CCRO,CCR S.A.,NOVO MERCADO,Homologado,6126100230.54,09/02/2017,2020000000,0,2020000000,02.846.056/0001-97,18821,CCRO3.SA,Prestadora de serviços públicos por meio de concessões rodoviária. metroviária e aeroportuária. além de prestação de serviços de meio de pagamentos e outros.,Bens Industriais,Transporte,Exploração de Rodovias,www.ccr.com.br,https://sistemaswebb3-listados.b3.com.br/listedCompaniesPage/main/18821/CCRO/overview?language=pt-br
ECORODOVIAS,ECOR,ECORODOVIAS INFRAESTRUTURA E LOGÍSTICA S.A.,NOVO MERCADO,Homologado,2101489404.07,23/06/2021,696334224,0,696334224,04.149.454/0001-80,19453,ECOR3.SA,Exploração direta ou indireta de negócios de concessão de obras e serviços públicos e organização logísitica do transporte de carga.,Bens Industriais,Transporte,Exploração de Rodovias,www.ecorodovias.com.br,https://sistemaswebb3-listados.b3.com.br/listedCompaniesPage/main/19453/ECOR/overview?language=pt-br
EMBRAER,EMBR,EMBRAER S.A.,NOVO MERCADO,Homologado,5159617052.42,05/03/2018,740465044,0,740465044,07.689.002/0001-89,20087,EMBR3.SA,Projeto. desenvolvimento. fabricação. comercialização de aeronaves e sistemas e fornecimento de suporte e serviços de pós-venda.,Bens Industriais,Material de Transporte,Material Aeronáutico e de Defesa,www.embraer.com.br,https://sistemaswebb3-listados.b3.com.br/listedCompaniesPage/main/20087/EMBR/overview?language=pt-br
ETERNIT,ETER,ETERNIT S.A.,NOVO MERCADO,Homologado,438081465.61,29/09/2021,61776575,0,61776575,61.092.037/0001-81,5762,ETER3.SA,Industrialização e comercialização de produtos de fibrocimento. cimento. concreto. gesso. produtos de matéria plástica. bem como outros materiais de construção e respectivos acessórios.,Bens Industriais,Construção e Engenharia,Produtos para Construção,www.eternit.com.br/ri,https://sistemaswebb3-listados.b3.com.br/listedCompaniesPage/main/5762/ETER/overview?language=pt-br
LOG-IN,LOGN,LOG-IN LOGISTICA INTERMODAL S.A.,NOVO MERCADO,Homologado,1342832978.53,10/05/2022,106476691,0,106476691,42.278.291/0001-24,20710,LOGN3.SA,A Log-In oferece soluções logísticas integradas através do transporte marítimo em navios porta-contêineres. terminal portuário. terminais intermodais e transporte rodoviário de curta distância.,Bens Industriais,Transporte,Transporte Hidroviário,www.loginlogistica.com.br,https://sistemaswebb3-listados.b3.com.br/listedCompaniesPage/main/20710/LOGN/overview?language=pt-br
METALFRIO,FRIO,METALFRIO SOLUTIONS S.A.,NOVO MERCADO,Homologado,244038820.53,17/04/2017,4106754,0,4106754,04.821.041/0001-08,20613,FRIO3.SA,FABRICAÇÃO E COMERCIALIAZAÇÃO DE GELADEIRAS E SIMILARES. DE MÁQUINAS DE VENDAS AUTOMÁTICAS. COMPONENTES E PEÇAS,Bens Industriais,Máquinas e Equipamentos,Máq. e Equip. Industriais,www.metalfrio.com.br,https://sistemaswebb3-listados.b3.com.br/listedCompaniesPage/main/20613/FRIO/overview?language=pt-br
MILLS,MILS,MILLS ESTRUTURAS E SERVIÇOS DE ENGENHARIA S.A.,NOVO MERCADO,Homologado,1091105302.39,19/05/2022,246183856,0,246183856,27.093.558/0001-15,22012,MILS3.SA,Locação de máquinas e equipamentos pesados / Bens Industriais / Construção e Engenharia / Serviços de Transporte e Logística,Bens Industriais,Máquinas e Equipamentos,Máq. e Equip. Industriais,www.mills.com.br,https://sistemaswebb3-listados.b3.com.br/listedCompaniesPage/main/22012/MILS/overview?language=pt-br
PORTOBELLO,PTBL,PBG S/A,NOVO MERCADO,Homologado,250000000.0,16/03/2022,140986886,0,140986886,83.475.913/0001-91,13773,PTBL3.SA,,Bens Industriais,Construção e Engenharia,Produtos para Construção,www.portobello.com.br,https://sistemaswebb3-listados.b3.com.br/listedCompaniesPage/main/13773/PTBL/overview?language=pt-br
ROMI,ROMI,ROMI S.A.,NOVO MERCADO,Homologado,650719416.73,23/10/2020,73333922,0,73333922,56.720.428/0001-63,7510,ROMI3.SA,Indústria e Comércio de Máquinas-Ferramenta,Bens Industriais,Máquinas e Equipamentos,Máq. e Equip. Industriais,www.romi.com,https://sistemaswebb3-listados.b3.com.br/listedCompaniesPage/main/7510/ROMI/overview?language=pt-br
RUMO S.A.,RAIL,RUMO S.A.,NOVO MERCADO,Homologado,12547841824.28,27/04/2021,1854158791,0,1854158791,02.387.241/0001-60,17450,RAIL3.SA,Prestar serviços de transporte de cargas através dos modais ferroviário e rodoviário. dentre outros. isoladamente ou combinados entre si de forma intermodal ou multimodal. entre outros.,Bens Industriais,Transporte,Transporte Ferroviário,www.rumolog.com,https://sistemaswebb3-listados.b3.com.br/listedCompaniesPage/main/17450/RAIL/overview?language=pt-br
SANTOS BRP,STBP,SANTOS BRASIL PARTICIPACOES S.A.,NOVO MERCADO,Homologado,1873906337.66,21/10/2021,862830552,0,862830552,02.762.121/0001-04,17892,STBP3.SA,A Companhia tem por objeto a exploração portuária através de operações com contêineres. carga geral. veículos. granéis ou afins. operações de logística integrada e a participação em outras sociedades.,Bens Industriais,Transporte,Serviços de Apoio e Armazenagem,www.santosbrasil.com.br,https://sistemaswebb3-listados.b3.com.br/listedCompaniesPage/main/17892/STBP/overview?language=pt-br
TEGMA,TGMA,TEGMA GESTAO LOGISTICA S.A.,NOVO MERCADO,Homologado,318524163.57,30/04/2020,66002915,0,66002915,02.351.144/0001-18,20800,TGMA3.SA,Prestação de serviços de logística para a indústria automotiva. química e de bens de consumo. como o transporte. gerenciamento de estoques e pátios. atividades de armazém geral. PDI. dentre outras.,Bens Industriais,Transporte,Transporte Rodoviário,www.tegma.com.br,https://sistemaswebb3-listados.b3.com.br/listedCompaniesPage/main/20800/TGMA/overview?language=pt-br
TRIUNFO PART,TPIS,TPI - TRIUNFO PARTICIP. E INVEST. S.A.,NOVO MERCADO,Homologado,842979226.55,13/08/2013,176000000,0,176000000,03.014.553/0001-91,19330,TPIS3.SA,A Triunfo atua nos segmentos de concessões rodoviárias. aeroportuária. geração de energia e administração portuária.,Bens Industriais,Transporte,Exploração de Rodovias,www.triunfo.com,https://sistemaswebb3-listados.b3.com.br/listedCompaniesPage/main/19330/TPIS/overview?language=pt-br
TUPY,TUPY,TUPY S.A.,NOVO MERCADO,Homologado,1060300760.04,30/10/2013,144177500,0,144177500,84.683.374/0001-49,6343,TUPY3.SA,Produtos fundidos para os setores de transporte de carga. infraestrutura e agricultura / conexões em ferro fundido para aplicações em redes hidráulicas e de gás / perfis,Bens Industriais,Material de Transporte,Material Rodoviário,www.tupy.com.br,https://sistemaswebb3-listados.b3.com.br/listedCompaniesPage/main/6343/TUPY/overview?language=pt-br
VALID,VLID,VALID SOLUÇÕES S.A.,NOVO MERCADO,Homologado,1023028320.16,09/03/2022,82475442,0,82475442,33.113.309/0001-47,20028,VLID3.SA,Impressão de Documentos de Segurança.,Bens Industriais,Serviços,Serviços Diversos,www.valid.com.br,https://sistemaswebb3-listados.b3.com.br/listedCompaniesPage/main/20028/VLID/overview?language=pt-br
WEG,WEGE,WEG S.A.,NOVO MERCADO,Homologado,6504516508.0,26/04/2022,4197317998,0,4197317998,84.429.695/0001-11,5410,WEGE3.SA,A WEG SA é uma sociedade de participação não operacional (holding) e também sociedade de comando do Grupo WEG.,Bens Industriais,Máquinas e Equipamentos,Motores . Compressores e Outros,www.weg.net/br,https://sistemaswebb3-listados.b3.com.br/listedCompaniesPage/main/5410/WEGE/overview?language=pt-br
TIM,TIMS,TIM S.A.,NOVO MERCADO,Homologado,13477890507.55,28/09/2020,2420804398,0,2420804398,02.421.421/0001-11,24929,TIMS3.SA,,Comunicações,Telecomunicações,Telecomunicações,,https://sistemaswebb3-listados.b3.com.br/listedCompaniesPage/main/24929/TIMS/overview?language=pt-br
AMERICANAS,AMER,AMERICANAS S.A,NOVO MERCADO,Homologado,15385586104.11,25/04/2022,907116900,0,907116900,00.776.574/0001-56,20990,AMER3.SA,Comércio varejista e atacadista em geral de quaisquer bens e serviços por meio de diversos meios. em especial. da Internet e de lojas físicas. sem restrição a outros meios.,Consumo Cíclico,Comércio,Produtos Diversos,http://www.b2wdigital.com,https://sistemaswebb3-listados.b3.com.br/listedCompaniesPage/main/20990/AMER/overview?language=pt-br
ANIMA,ANIM,ANIMA HOLDING S.A.,NOVO MERCADO,Homologado,2569624313.76,18/02/2021,403868805,0,403868805,09.288.252/0001-32,23248,ANIM3.SA,Administração. direta ou indireta. de atividade de instituições de 3º e 4º graus. educação profissional.,Consumo Cíclico,Diversos,Serviços Educacionais,www.animaeducacao.com.br/ri,https://sistemaswebb3-listados.b3.com.br/listedCompaniesPage/main/23248/ANIM/overview?language=pt-br
AREZZO CO,ARZZ,AREZZO INDÚSTRIA E COMÉRCIO S.A.,NOVO MERCADO,Homologado,1645467316.61,03/02/2022,109796219,0,109796219,16.590.234/0001-76,22349,ARZZ3.SA,O principal ramo de atividade da Companhia é a industrialização e a comercialização de artigos de couro e de plástico em geral. incluindo sapatos. bolsas e acessórios.,Consumo Cíclico,Comércio,Tecidos. Vestuário e Calçados,www.arezzoco.com.br,https://sistemaswebb3-listados.b3.com.br/listedCompaniesPage/main/22349/ARZZ/overview?language=pt-br
COGNA ON,COGN,COGNA EDUCAÇÃO S.A.,NOVO MERCADO,Homologado,7667615402.9,11/02/2020,1876606210,0,1876606210,02.800.026/0001-40,17973,COGN3.SA,A Companhia tem por objeto a participação. como sócia ou acionista. em sociedades que explorem a administração de atividades de educação.,Consumo Cíclico,Diversos,Serviços Educacionais,www.kroton.com.br,https://sistemaswebb3-listados.b3.com.br/listedCompaniesPage/main/17973/COGN/overview?language=pt-br
TENDA,TEND,CONSTRUTORA TENDA S.A.,NOVO MERCADO,Homologado,1095829378.49,25/03/2019,104344246,0,104344246,71.476.527/0001-35,21148,TEND3.SA,,Consumo Cíclico,Construção Civil,Incorporações,www.tenda.com,https://sistemaswebb3-listados.b3.com.br/listedCompaniesPage/main/21148/TEND/overview?language=pt-br
CVC BRASIL,CVCB,CVC BRASIL OPERADORA E AGÊNCIA DE VIAGENS S.A.,NOVO MERCADO,Homologado,1371723418.25,31/08/2021,224934809,0,224934809,10.760.260/0001-19,23310,CVCB3.SA,Serviços de turismo. compreendendo a intermediação. individualmente ou na forma agregada. de passagens aéreas. transporte terrestre. reservas de hotéis. passagens de cruzeiros marítimos. entre outros.,Consumo Cíclico,Viagens e Lazer,Viagens e Turismo,http://www.cvc.com.br/ri,https://sistemaswebb3-listados.b3.com.br/listedCompaniesPage/main/23310/CVCB/overview?language=pt-br
CYRELA REALT,CYRE,CYRELA BRAZIL REALTY S.A.EMPREEND E PART,NOVO MERCADO,Homologado,3395744524.6,28/04/2016,399742799,0,399742799,73.178.600/0001-18,14460,CYRE3.SA,Incorporação Imobiliária,Consumo Cíclico,Construção Civil,Incorporações,www.cyrela.com.br,https://sistemaswebb3-listados.b3.com.br/listedCompaniesPage/main/14460/CYRE/overview?language=pt-br
DIRECIONAL,DIRR,DIRECIONAL ENGENHARIA S.A.,NOVO MERCADO,Homologado,752982399.8,10/05/2021,150000000,0,150000000,16.614.075/0001-00,21350,DIRR3.SA,Incorporação. construção e comercialização de imóveis próprios ou de terceiros e prestação de serviços de engenharia.,Consumo Cíclico,Construção Civil,Incorporações,www.direcional.com.br/ri,https://sistemaswebb3-listados.b3.com.br/listedCompaniesPage/main/21350/DIRR/overview?language=pt-br
EVEN,EVEN,EVEN CONSTRUTORA E INCORPORADORA S.A.,NOVO MERCADO,Homologado,1657409998.31,28/04/2021,212000000,0,212000000,43.470.988/0001-65,20524,EVEN3.SA,Construção. incorporação e loteamento.,Consumo Cíclico,Construção Civil,Incorporações,http://www.even.com.br,https://sistemaswebb3-listados.b3.com.br/listedCompaniesPage/main/20524/EVEN/overview?language=pt-br
EZTEC,EZTC,EZ TEC EMPREEND. E PARTICIPACOES S.A.,NOVO MERCADO,Homologado,2888996908.17,12/05/2022,220989103,0,220989103,08.312.229/0001-73,20770,EZTC3.SA,(a) Incorporação e comercialização de empreendimentos imobiliários de qualquer natureza. (b) administração e locação de imóveis prórpios. (c) loteamento de terrenos. (d) construção de condomínios ...,Consumo Cíclico,Construção Civil,Incorporações,www.eztec.com.br/ri,https://sistemaswebb3-listados.b3.com.br/listedCompaniesPage/main/20770/EZTC/overview?language=pt-br
GAFISA,GFSA,GAFISA S.A.,NOVO MERCADO,Homologado,1248574113.49,23/09/2021,337445727,0,337445727,01.545.826/0001-07,16101,GFSA3.SA,,Consumo Cíclico,Construção Civil,Incorporações,www.gafisa.com.br,https://sistemaswebb3-listados.b3.com.br/listedCompaniesPage/main/16101/GFSA/overview?language=pt-br
GRENDENE,GRND,GRENDENE S.A.,NOVO MERCADO,Homologado,1231301604.46,23/04/2018,902160000,0,902160000,89.850.341/0001-60,19615,GRND3.SA,Fabricação de calçados em geral,Consumo Cíclico,Tecidos. Vestuário e Calçados,Calçados,www.grendene.com.br,https://sistemaswebb3-listados.b3.com.br/listedCompaniesPage/main/19615/GRND/overview?language=pt-br
GUARARAPES,GUAR,GUARARAPES CONFECCOES S.A.,NOVO MERCADO,Homologado,3100000000.0,30/04/2019,499200000,0,499200000,08.402.943/0001-52,4669,GUAR3.SA,Confecções de roupas e tecidos em geral.,Consumo Cíclico,Comércio,Tecidos. Vestuário e Calçados,www.guararapes.ind.br,https://sistemaswebb3-listados.b3.com.br/listedCompaniesPage/main/4669/GUAR/overview?language=pt-br
HELBOR,HBOR,HELBOR EMPREENDIMENTOS S.A.,NOVO MERCADO,Homologado,1310225371.46,10/07/2020,133851072,0,133851072,49.263.189/0001-02,20877,HBOR3.SA,Incorporação de Imoveis,Consumo Cíclico,Construção Civil,Incorporações,http://www.helbor.com.br,https://sistemaswebb3-listados.b3.com.br/listedCompaniesPage/main/20877/HBOR/overview?language=pt-br
IMC S/A,MEAL,INTERNATIONAL MEAL COMPANY ALIMENTACAO S.A.,NOVO MERCADO,Homologado,1170478915.19,21/07/2020,286369530,0,286369530,17.314.329/0001-20,23574,MEAL3.SA,Setor de Varejo de Alimentação,Consumo Cíclico,Hoteis e Restaurantes,Restaurante e Similares,www.internationalmealcompany.com,https://sistemaswebb3-listados.b3.com.br/listedCompaniesPage/main/23574/MEAL/overview?language=pt-br
IOCHP-MAXION,MYPK,IOCHPE MAXION S.A.,NOVO MERCADO,Homologado,1576954290.05,24/06/2019,153719601,0,153719601,61.156.113/0001-75,11932,MYPK3.SA,Fabricação e comercialização de produtos do setor automotivo e equipamentos ferroviários.,Consumo Cíclico,Automóveis e Motocicletas,Automóveis e Motocicletas,www.iochpe.com.br,https://sistemaswebb3-listados.b3.com.br/listedCompaniesPage/main/11932/MYPK/overview?language=pt-br
JHSF PART,JHSF,JHSF PARTICIPACOES S.A.,NOVO MERCADO,Homologado,1865949654.57,16/05/2022,679328541,0,679328541,08.294.224/0001-65,20605,JHSF3.SA,Empresa que investe no Brasil em negócios voltados a atender o público de alta renda. focada no desenvolvimento e administração de projetos de shopping centers. hotéis e e restaurantes e incorporação.,Consumo Cíclico,Construção Civil,Incorporações,http://ri.jhsf.com.br/,https://sistemaswebb3-listados.b3.com.br/listedCompaniesPage/main/20605/JHSF/overview?language=pt-br
LOCALIZA,RENT,LOCALIZA RENT A CAR S.A.,NOVO MERCADO,Homologado,4000000000.0,12/12/2019,758466670,0,758466670,16.670.085/0001-55,19739,RENT3.SA,Aluguel de carros e gestão de frotas,Consumo Cíclico,Diversos,Aluguel de carros,www.localiza.com,https://sistemaswebb3-listados.b3.com.br/listedCompaniesPage/main/19739/RENT/overview?language=pt-br
LOJAS RENNER,LREN,LOJAS RENNER S.A.,NOVO MERCADO,Homologado,8987760068.78,19/05/2022,989304070,0,989304070,92.754.738/0001-62,8133,LREN3.SA,Loja de Departamentos (Comércio Varejista),Consumo Cíclico,Comércio,Tecidos. Vestuário e Calçados,www.lojasrenner.com.br,https://sistemaswebb3-listados.b3.com.br/listedCompaniesPage/main/8133/LREN/overview?language=pt-br
MAGAZ LUIZA,MGLU,MAGAZINE LUIZA S.A.,NOVO MERCADO,Homologado,12552162483.75,26/08/2021,6748926848,0,6748926848,47.960.950/0001-21,22470,MGLU3.SA,Somos uma plataforma de varejo multicanal.,Consumo Cíclico,Comércio,Eletrodomésticos,www.magazineluiza.com.br,https://sistemaswebb3-listados.b3.com.br/listedCompaniesPage/main/22470/MGLU/overview?language=pt-br
METAL LEVE,LEVE,MAHLE-METAL LEVE S.A.,NOVO MERCADO,Homologado,966254684.0,10/04/2012,128308500,0,128308500,60.476.884/0001-87,8575,LEVE3.SA,Industria e comércio de peças e componentes para motores a combustão,Consumo Cíclico,Automóveis e Motocicletas,Automóveis e Motocicletas,www.mahle.com.br,https://sistemaswebb3-listados.b3.com.br/listedCompaniesPage/main/8575/LEVE/overview?language=pt-br
LOJAS MARISA,AMAR,MARISA LOJAS S.A.,NOVO MERCADO,Homologado,1721959463.42,03/12/2021,342835570,0,342835570,61.189.288/0001-89,22055,AMAR3.SA,Comércio varejista de artigos do vestuário e acessórios. prestação de serviços de correspondente bancário. intermediação de negócios e congêneres. atuação como representante de seguros.,Consumo Cíclico,Comércio,Tecidos. Vestuário e Calçados,www.marisa.com.br,https://sistemaswebb3-listados.b3.com.br/listedCompaniesPage/main/22055/AMAR/overview?language=pt-br
MOVIDA,MOVI,MOVIDA PARTICIPACOES SA,NOVO MERCADO,Homologado,2630122185.6,31/12/2021,362302086,0,362302086,21.314.559/0001-66,23825,MOVI3.SA,Aluguel de carros e gestão de frotas,Consumo Cíclico,Diversos,Aluguel de carros,www.ri.movida.com.br,https://sistemaswebb3-listados.b3.com.br/listedCompaniesPage/main/23825/MOVI/overview?language=pt-br
MRV,MRVE,MRV ENGENHARIA E PARTICIPACOES S.A.,NOVO MERCADO,Homologado,4974770151.06,07/01/2022,483232789,0,483232789,08.343.492/0001-20,20915,MRVE3.SA,Atividades de Incorporação e Construção,Consumo Cíclico,Construção Civil,Incorporações,www.mrv.com.br,https://sistemaswebb3-listados.b3.com.br/listedCompaniesPage/main/20915/MRVE/overview?language=pt-br
PDG REALT,PDGR,PDG REALTY S.A. EMPREEND E PARTICIPACOES,NOVO MERCADO,Homologado,5346127772.05,08/06/2021,56133457,0,56133457,02.950.811/0001-89,20478,PDGR3.SA,Construção e incorporação.,Consumo Cíclico,Construção Civil,Incorporações,www.pdg.com.br,https://sistemaswebb3-listados.b3.com.br/listedCompaniesPage/main/20478/PDGR/overview?language=pt-br
LE LIS BLANC,LLIS,RESTOQUE COMÉRCIO E CONFECÇÕES DE ROUPAS S.A.,NOVO MERCADO,Homologado,624757925.0,15/01/2021,68850829,0,68850829,49.669.856/0001-43,21440,LLIS3.SA,(a) confecção de produtos em geral. através de terceiros; (b) importação e exportação; (c) exploração de comércio e indústria de confecção de produtos em geral.,Consumo Cíclico,Comércio,Tecidos. Vestuário e Calçados,www.lelis.com.br,https://sistemaswebb3-listados.b3.com.br/listedCompaniesPage/main/21440/LLIS/overview?language=pt-br
RNI,RDNI,RNI NEGÓCIOS IMOBILIÁRIOS S.A.,NOVO MERCADO,Homologado,512438000.0,10/11/2015,43769808,0,43769808,67.010.660/0001-24,20451,RDNI3.SA,(i) a compra e venda de imóveis; (ii) o desmembramento ou loteamento de terrenos; (iii) a incorporação imobiliária ou construção de imóveis destinados à venda; (iv) a prestação de serviços a terceiros,Consumo Cíclico,Construção Civil,Incorporações,http://rni.com.br/,https://sistemaswebb3-listados.b3.com.br/listedCompaniesPage/main/20451/RDNI/overview?language=pt-br
ROSSI RESID,RSID,ROSSI RESIDENCIAL S.A.,NOVO MERCADO,Homologado,2678339520.0,22/02/2022,20000000,0,20000000,61.065.751/0001-80,16306,RSID3.SA,Compra e venda de imóveis. desmembramento e loteamento de terrenos. incorporação imobiliária. construção de imóveis destinados à venda. e a participação em outras sociedades.,Consumo Cíclico,Construção Civil,Incorporações,www.rossiresidencial.com.br,https://sistemaswebb3-listados.b3.com.br/listedCompaniesPage/main/16306/RSID/overview?language=pt-br
SER EDUCA,SEER,SER EDUCACIONAL S.A.,NOVO MERCADO,Homologado,991644172.8,09/05/2019,128721560,0,128721560,04.986.320/0001-13,23221,SEER3.SA,Desenvolvimento e a administração de atividades e instituições no setor de educação e outras áreas associadas; administração de bens e negócios próprios; e participação em outras sociedades.,Consumo Cíclico,Diversos,Serviços Educacionais,www.sereducacional.com/ri,https://sistemaswebb3-listados.b3.com.br/listedCompaniesPage/main/23221/SEER/overview?language=pt-br
SPRINGS,SGPS,SPRINGS GLOBAL PARTICIPACOES S.A.,NOVO MERCADO,Homologado,1860263807.68,21/10/2015,50000000,0,50000000,07.718.269/0001-57,20966,SGPS3.SA,,Consumo Cíclico,Tecidos. Vestuário e Calçados,Fios e Tecidos,www.springs.com,https://sistemaswebb3-listados.b3.com.br/listedCompaniesPage/main/20966/SGPS/overview?language=pt-br
TIME FOR FUN,SHOW,T4F ENTRETENIMENTO S.A.,NOVO MERCADO,Homologado,243022170.4,10/08/2020,67412629,0,67412629,02.860.694/0001-62,22454,SHOW3.SA,Atuação no setor de entretenimento ao vivo. através da operação de casas de espetáculos e de bilheterias. da comercialização de alimentos. bebidas e produtos promocionais e da negociação de patrocínio,Consumo Cíclico,Viagens e Lazer,Produção de Eventos e Shows,www.t4f.com.br/ri,https://sistemaswebb3-listados.b3.com.br/listedCompaniesPage/main/22454/SHOW/overview?language=pt-br
TECHNOS,TECN,TECHNOS S.A.,NOVO MERCADO,Homologado,130586573.49,09/05/2022,76506215,0,76506215,09.295.063/0001-97,22519,TECN3.SA,A Companhia tem por objeto social a participação em outras sociedades. como sócia ou acionista. no país ou no exterior.,Consumo Cíclico,Tecidos. Vestuário e Calçados,Acessórios,www.grupotechnos.com.br,https://sistemaswebb3-listados.b3.com.br/listedCompaniesPage/main/22519/TECN/overview?language=pt-br
TRISUL,TRIS,TRISUL S.A.,NOVO MERCADO,Homologado,866080000.0,12/09/2019,186617538,0,186617538,08.811.643/0001-27,21130,TRIS3.SA,Incorporadora e Construtora,Consumo Cíclico,Construção Civil,Incorporações,www.trisul-sa.com.br/ri,https://sistemaswebb3-listados.b3.com.br/listedCompaniesPage/main/21130/TRIS/overview?language=pt-br
UNICASA,UCAS,UNICASA INDÚSTRIA DE MÓVEIS S.A.,NOVO MERCADO,Homologado,147000000.0,03/12/2019,66086364,0,66086364,90.441.460/0001-48,22780,UCAS3.SA,Indústria. comércio. prestação de serviços. importação e exportação de produtos relacionados ao ramo de mobiliário em geral. planejado e modulado de madeira. ferro. aço. alumínio e outros materiais.,Consumo Cíclico,Utilidades Domésticas,Móveis,http://www.unicasamoveis.com.br,https://sistemaswebb3-listados.b3.com.br/listedCompaniesPage/main/22780/UCAS/overview?language=pt-br
VIA,VIIA,VIA S.A,NOVO MERCADO,Homologado,5138166692.55,10/11/2021,1598425856,0,1598425856,33.041.260/0652-90,6505,VIIA3.SA,,Consumo Cíclico,Comércio,Eletrodomésticos,www.viavarejo.com.br/ri,https://sistemaswebb3-listados.b3.com.br/listedCompaniesPage/main/6505/VIIA/overview?language=pt-br
VIVER,VIVR,VIVER INCORPORADORA E CONSTRUTORA S.A.,NOVO MERCADO,Homologado,2449892044.74,10/09/2021,142902713,0,142902713,67.571.414/0001-41,20702,VIVR3.SA,Construção. incorporação. aquisição de créditos com lastro em ativos imobiliários. obras paradas. vendas. repasse. cobrança. assistência técnica. negociação de dívidas e processos judiciais.,Consumo Cíclico,Construção Civil,Incorporações,http://www.viver.com.vc,https://sistemaswebb3-listados.b3.com.br/listedCompaniesPage/main/20702/VIVR/overview?language=pt-br
VULCABRAS,VULC,VULCABRAS S.A.,NOVO MERCADO,Homologado,1140910332.5,08/09/2021,245756244,0,245756244,50.926.955/0001-42,11762,VULC3.SA,Representantes comerciais e agentes do comércio de têxteis. vestuário. calçados e artigos de viagem.,Consumo Cíclico,Tecidos. Vestuário e Calçados,Calçados,www.vulcabrasazaleiari.com.br,https://sistemaswebb3-listados.b3.com.br/listedCompaniesPage/main/11762/VULC/overview?language=pt-br
YDUQS PART,YDUQ,YDUQS PARTICIPACOES S.A.,NOVO MERCADO,Homologado,1139887263.22,13/06/2018,309088851,0,309088851,08.807.432/0001-10,21016,YDUQ3.SA,Desenvolve principalmente nas áreas de educação de nível superior. nas modalidades presencial e a distância. educação profissional e/ou outras áreas associadas à educação.,Consumo Cíclico,Diversos,Serviços Educacionais,www.estacioparticipacoes.com.br,https://sistemaswebb3-listados.b3.com.br/listedCompaniesPage/main/21016/YDUQ/overview?language=pt-br
BK BRASIL,BKBR,ZAMP S.A.,NOVO MERCADO,Homologado,1461068417.41,18/11/2020,275355447,0,275355447,13.574.594/0001-96,24317,BKBR3.SA,Prestação de serviços de operação e assessoria a restaurantes,Consumo Cíclico,Hoteis e Restaurantes,Restaurante e Similares,www.burgerking.com.br/ri,https://sistemaswebb3-listados.b3.com.br/listedCompaniesPage/main/24317/BKBR/overview?language=pt-br
CARREFOUR BR,CRFB,ATACADÃO S.A.,NOVO MERCADO,Homologado,7660725261.16,25/04/2022,1986224550,0,1986224550,75.315.333/0001-09,24171,CRFB3.SA,Comércio varejista e atacadista de mercadorias em geral; Carga e descarga; Correspondentes de instituições financeiras; Atividades de teleatendimento; Serviços de Alimentação entre outros,Consumo não Cíclico,Comércio e Distribuição,Alimentos,www.grupocarrefourbrasil.com.br,https://sistemaswebb3-listados.b3.com.br/listedCompaniesPage/main/24171/CRFB/overview?language=pt-br
BRASILAGRO,AGRO,BRASILAGRO - CIA BRAS DE PROP AGRICOLAS,NOVO MERCADO,Homologado,1587984600.71,17/05/2021,102377008,0,102377008,07.628.528/0001-59,20036,AGRO3.SA,EMPRESA DE DESENVOLVIMENTO AGROPECUARIO,Consumo não Cíclico,Agropecuária,Agricultura,www.brasil-agro.com,https://sistemaswebb3-listados.b3.com.br/listedCompaniesPage/main/20036/AGRO/overview?language=pt-br
BRF SA,BRFS,BRF S.A.,NOVO MERCADO,Homologado,13053417953.36,01/02/2022,1082473246,0,1082473246,01.838.723/0001-27,16292,BRFS3.SA,Holding Operacional,Consumo não Cíclico,Alimentos Processados,Carnes e Derivados,www.brf-br.com,https://sistemaswebb3-listados.b3.com.br/listedCompaniesPage/main/16292/BRFS/overview?language=pt-br
CAMIL,CAML,CAMIL ALIMENTOS S.A.,NOVO MERCADO,Homologado,950373789.63,13/04/2022,360000000,0,360000000,64.904.295/0001-03,24228,CAML3.SA,Industrialização e comercialização de arroz. feijão. pescados. açúcar. massas e café.,Consumo não Cíclico,Alimentos Processados,Alimentos Diversos,www.camilalimentos.com.br,https://sistemaswebb3-listados.b3.com.br/listedCompaniesPage/main/24228/CAML/overview?language=pt-br
P.ACUCAR-CBD,PCAR,CIA BRASILEIRA DE DISTRIBUICAO,NOVO MERCADO,Homologado,5859639790.63,29/04/2022,269455303,0,269455303,47.508.411/0001-56,14826,PCAR3.SA,Comércio Varejista,Consumo não Cíclico,Comércio e Distribuição,Alimentos,www.gpari.com.br,https://sistemaswebb3-listados.b3.com.br/listedCompaniesPage/main/14826/PCAR/overview?language=pt-br
JBS,JBSS,JBS S.A.,NOVO MERCADO,Homologado,23631071304.24,11/05/2022,2218116370,0,2218116370,02.916.265/0001-60,20575,JBSS3.SA,,Consumo não Cíclico,Alimentos Processados,Carnes e Derivados,www.jbs.com.br,https://sistemaswebb3-listados.b3.com.br/listedCompaniesPage/main/20575/JBSS/overview?language=pt-br
M.DIASBRANCO,MDIA,M.DIAS BRANCO S.A. IND COM DE ALIMENTOS,NOVO MERCADO,Homologado,2597656478.44,26/03/2021,339000000,0,339000000,07.206.816/0001-15,20338,MDIA3.SA,PRODUÇÃO E COMERCIALIZAÇÃO DE BISCOITOS. MASSAS. FARINHA DE TRIGO E FARELO. MARGARINAS E GORDURAS. BOLOS. SNACKS. MISTURA PARA BOLOS E TORRADAS.,Consumo não Cíclico,Alimentos Processados,Alimentos Diversos,www.mdiasbranco.com.br,https://sistemaswebb3-listados.b3.com.br/listedCompaniesPage/main/20338/MDIA/overview?language=pt-br
MARFRIG,MRFG,MARFRIG GLOBAL FOODS S.A.,NOVO MERCADO,Homologado,8328577961.0,10/08/2021,691369913,0,691369913,03.853.896/0001-40,20788,MRFG3.SA,Produção e distribuição de alimentos à base de carne bovina. suína. ovina e avícola. in natura. elaborados e processados. couros semi-terminados e terminados. além de outros produtos alimentícios.,Consumo não Cíclico,Alimentos Processados,Carnes e Derivados,www.marfrig.com.br,https://sistemaswebb3-listados.b3.com.br/listedCompaniesPage/main/20788/MRFG/overview?language=pt-br
MINERVA,BEEF,MINERVA S.A.,NOVO MERCADO,Homologado,1678785544.94,12/01/2022,607283407,0,607283407,67.620.377/0001-14,20931,BEEF3.SA,Líder na América do Sul na exportação de carne bovina in natura e seus derivados. e que atua também no segmento de processados.,Consumo não Cíclico,Alimentos Processados,Carnes e Derivados,www.minervafoods.com/ri,https://sistemaswebb3-listados.b3.com.br/listedCompaniesPage/main/20931/BEEF/overview?language=pt-br
POMIFRUTAS,FRTA,POMIFRUTAS S/A,NOVO MERCADO,Homologado,143080704.05,06/07/2021,2053606,0,2053606,86.550.951/0001-50,19658,FRTA3.SA,POMICULTURA PRODUÇÃO. COMERCIALIZAÇÃO E EXPORTAÇÃO,Consumo não Cíclico,Agropecuária,Agricultura,www.pomifrutas.com.br,https://sistemaswebb3-listados.b3.com.br/listedCompaniesPage/main/19658/FRTA/overview?language=pt-br
SAO MARTINHO,SMTO,SAO MARTINHO S.A.,NOVO MERCADO,Homologado,2681570983.27,30/07/2021,354011329,0,354011329,51.466.860/0001-56,20516,SMTO3.SA,Fabricação e comércio de açúcar. álcool e derivados.,Consumo não Cíclico,Alimentos Processados,Açucar e Alcool,www.saomartinho.com.br,https://sistemaswebb3-listados.b3.com.br/listedCompaniesPage/main/20516/SMTO/overview?language=pt-br
SLC AGRICOLA,SLCE,SLC AGRICOLA S.A.,NOVO MERCADO,Homologado,1512521509.85,30/12/2021,212422599,0,212422599,89.096.457/0001-55,20745,SLCE3.SA,Produção e comercialização de algodão. soja. milho. entre outros.,Consumo não Cíclico,Agropecuária,Agricultura,www.slcagricola.com.br,https://sistemaswebb3-listados.b3.com.br/listedCompaniesPage/main/20745/SLCE/overview?language=pt-br
ALIANSCSONAE,ALSO,ALIANSCE SONAE SHOPPING CENTERS S.A.,NOVO MERCADO,Homologado,4190769244.0,05/12/2019,265772778,0,265772778,05.878.397/0001-32,22357,ALSO3.SA,Planejamento. desenvolvimento. implantação e investimentos na área imobiliária. nomeadamente em Shopping Centers e a participação em outras sociedades e/ou em fundos de investimento imobiliário.,Financeiro,Exploração de Imóveis,Exploração de Imóveis,www.alianscesonae.com.br,https://sistemaswebb3-listados.b3.com.br/listedCompaniesPage/main/22357/ALSO/overview?language=pt-br
ALPER S.A.,APER,ALPER CONSULTORIA E CORRETORA DE SEGUROS S.A.,NOVO MERCADO,Homologado,294898862.31,07/04/2021,15232292,0,15232292,11.721.921/0001-60,22217,APER3.SA,A Companhia tem por objeto social a corretagem e administração de seguros de todos os ramos. participação no capital social de outras sociedades e prestação de serviços de consultoria empresarial.,Financeiro,Previdência e Seguros,Corretoras de Seguros e Resseguros,http://brin3.com.br/,https://sistemaswebb3-listados.b3.com.br/listedCompaniesPage/main/22217/APER/overview?language=pt-br
B3,B3SA,"B3 S.A. - BRASIL, BOLSA, BALCÃO",NOVO MERCADO,Homologado,12548655563.88,17/03/2022,6099000000,0,6099000000,09.346.601/0001-25,21610,B3SA3.SA,Principais atividades: administrar mercados organizados de títulos e valores mobiliários; prestar serviços de registro. compensação e liquidação e de suporte à operações de financiamento,Financeiro,Serviços Financeiros Diversos,Serviços Financeiros Diversos,www.b3.com.br,https://sistemaswebb3-listados.b3.com.br/listedCompaniesPage/main/21610/B3SA/overview?language=pt-br
BBSEGURIDADE,BBSE,BB SEGURIDADE PARTICIPAÇÕES S.A.,NOVO MERCADO,Homologado,6269692280.18,29/04/2022,2000000000,0,2000000000,17.344.597/0001-94,23159,BBSE3.SA,Participação no capital social de outras sociedades. que tenham por atividade operações de seguros. resseguros. previdências complementar ou capitalização.,Financeiro,Previdência e Seguros,Seguradoras,www.bbseguridaderi.com.br,https://sistemaswebb3-listados.b3.com.br/listedCompaniesPage/main/23159/BBSE/overview?language=pt-br
BR MALLS PAR,BRML,BR MALLS PARTICIPACOES S.A.,NOVO MERCADO,Homologado,10406862080.33,04/02/2022,828273884,0,828273884,06.977.745/0001-91,19909,BRML3.SA,Holding,Financeiro,Exploração de Imóveis,Exploração de Imóveis,www.brmalls.com.br,https://sistemaswebb3-listados.b3.com.br/listedCompaniesPage/main/19909/BRML/overview?language=pt-br
BR PROPERT,BRPR,BR PROPERTIES S.A.,NOVO MERCADO,Homologado,4369144124.79,23/08/2021,474159697,0,474159697,06.977.751/0001-49,19925,BRPR3.SA,Compra. venda e incorp. de imóveis comerciais prontos ou a construir; admin de imóveis próprios ou de terceiros; arrendamento. exploração com. locação sub-locação de imóveis comerciais própr. e outros,Financeiro,Exploração de Imóveis,Exploração de Imóveis,www.brpr.com.br,https://sistemaswebb3-listados.b3.com.br/listedCompaniesPage/main/19925/BRPR/overview?language=pt-br
CIELO,CIEL,CIELO S.A. - INSTITUIÇÃO DE PAGAMENTO,NOVO MERCADO,Homologado,5700000000.0,20/04/2018,2716815061,0,2716815061,01.027.058/0001-91,21733,CIEL3.SA,Empresa prestadora de serviços de adquirência e meios de pagamento.,Financeiro,Serviços Financeiros Diversos,Serviços Financeiros Diversos,www.cielo.com.br,https://sistemaswebb3-listados.b3.com.br/listedCompaniesPage/main/21733/CIEL/overview?language=pt-br
CSU CARDSYST,CARD,CSU CARDSYSTEM S.A.,NOVO MERCADO,Homologado,169231849.61,12/06/2020,41800000,0,41800000,01.896.779/0001-38,20044,CARD3.SA,Terceirização em administração e processamento de meios eletrônicos de pagamento. gestão em terceirização de contact center. desenvolvimento e gestão operacional de programas de fidelidade e incentivo,Financeiro,Serviços Financeiros Diversos,Serviços Financeiros Diversos,www.csu.com.br,https://sistemaswebb3-listados.b3.com.br/listedCompaniesPage/main/20044/CARD/overview?language=pt-br
IRBBRASIL RE,IRBR,IRB - BRASIL RESSEGUROS S.A.,NOVO MERCADO,Homologado,4253080000.0,31/08/2020,1267890331,1,1267890332,33.376.989/0001-91,24180,IRBR3.SA,Operações de resseguro e retrocessão,Financeiro,Previdência e Seguros,Resseguradoras,ri.irbbrasilre.com,https://sistemaswebb3-listados.b3.com.br/listedCompaniesPage/main/24180/IRBR/overview?language=pt-br
LOPES BRASIL,LPSB,LPS BRASIL - CONSULTORIA DE IMOVEIS S.A.,NOVO MERCADO,Homologado,169187891.38,21/05/2021,147554631,0,147554631,08.078.847/0001-09,20370,LPSB3.SA,Intermediação na compra. venda. permuta e locação de imóveis ou de direitos e obrigações a eles relativos.,Financeiro,Exploração de Imóveis,Intermediação Imobiliária,www.lopes.com.br,https://sistemaswebb3-listados.b3.com.br/listedCompaniesPage/main/20370/LPSB/overview?language=pt-br
NEXPE,NEXP,NEXPE PARTICIPAÇÕES S.A,NOVO MERCADO,Homologado,828684951.8,27/01/2022,132778474,0,132778474,08.613.550/0001-98,21180,NEXP3.SA,Participação em outras sociedades que atuem no setor imobiliário.,Financeiro,Exploração de Imóveis,Intermediação Imobiliária,www.brbrokers.com.br,https://sistemaswebb3-listados.b3.com.br/listedCompaniesPage/main/21180/NEXP/overview?language=pt-br
PORTO SEGURO,PSSA,PORTO SEGURO S.A.,NOVO MERCADO,Homologado,8500000000.0,20/10/2021,646586060,0,646586060,02.149.205/0001-69,16659,PSSA3.SA,Gestão de Participações Societárias (holding),Financeiro,Previdência e Seguros,Seguradoras,www.portoseguro.com.br,https://sistemaswebb3-listados.b3.com.br/listedCompaniesPage/main/16659/PSSA/overview?language=pt-br
SAO CARLOS,SCAR,SAO CARLOS EMPREEND E PARTICIPACOES S.A.,NOVO MERCADO,Homologado,1073911676.48,28/04/2017,57737319,0,57737319,29.780.061/0001-09,13781,SCAR3.SA,Compra e venda de imóveis prontos ou a construir; locação de bens imóveis; administração de empreendimentos imobiliários próprios ou de terceiros; exercício de outras atividades correlatas; e outros,Financeiro,Exploração de Imóveis,Exploração de Imóveis,www.scsa.com.br,https://sistemaswebb3-listados.b3.com.br/listedCompaniesPage/main/13781/SCAR/overview?language=pt-br
SYN PROP TEC,SYNE,SYN PROP E TECH S.A.,NOVO MERCADO,Homologado,1663313371.47,11/11/2020,152644445,0,152644445,08.801.621/0001-86,21040,SYNE3.SA,Incorporação de empreendimentos imobiliários,Financeiro,Exploração de Imóveis,Exploração de Imóveis,www.ccpsa.com.br,https://sistemaswebb3-listados.b3.com.br/listedCompaniesPage/main/21040/SYNE/overview?language=pt-br
WIZ S.A.,WIZS,WIZ SOLUÇÕES E CORRETAGEM DE SEGUROS S.A.,NOVO MERCADO,Homologado,40000000.0,10/12/2014,159907282,0,159907282,42.278.473/0001-03,23590,WIZS3.SA,Corretagem de seguros de todos os ramos. assessoria e consultoria na área de seguros em geral. intermediação e desenvolvimento de soluções em negócios. sem especificação definida. dentre outros.,Financeiro,Previdência e Seguros,Corretoras de Seguros e Resseguros,www.wizsolucoes.com.br,https://sistemaswebb3-listados.b3.com.br/listedCompaniesPage/main/23590/WIZS/overview?language=pt-br
DEXCO,DXCO,DEXCO S.A.,NOVO MERCADO,Homologado,2370188626.8,09/12/2021,760962951,0,760962951,97.837.181/0001-47,21091,DXCO3.SA,Fabricação. Comércio. Importação e Exportação de Produtos derivados de Madeira. de Produtos de Metais e Materiais Cerâmicos,Materiais Básicos,Madeira e Papel,Madeira,www.dex.co,https://sistemaswebb3-listados.b3.com.br/listedCompaniesPage/main/21091/DXCO/overview?language=pt-br
FER HERINGER,FHER,FERTILIZANTES HERINGER S.A.,NOVO MERCADO,Homologado,594164902.56,27/01/2015,53857284,0,53857284,22.266.175/0001-88,20621,FHER3.SA,Produção. comercialização e distribuição de fertilizantes. com atuação nacional.,Materiais Básicos,Químicos,Fertilizantes e Defensivos,www.heringer.com.br,https://sistemaswebb3-listados.b3.com.br/listedCompaniesPage/main/20621/FHER/overview?language=pt-br
IRANI,RANI,IRANI PAPEL E EMBALAGEM S.A.,NOVO MERCADO,Homologado,566894847.81,11/12/2020,256720235,0,256720235,92.791.243/0001-03,2429,RANI3.SA,Fabricação de papel para embalagem. embalagens de papelão ondulado e resinas.,Materiais Básicos,Embalagens,Embalagens,www.irani.com.br,https://sistemaswebb3-listados.b3.com.br/listedCompaniesPage/main/2429/RANI/overview?language=pt-br
MMX MINER,MMXM,MMX MINERACAO E METALICOS S.A.,NOVO MERCADO,Homologado,30000000.0,13/12/2018,6488183,0,6488183,02.762.115/0001-49,17914,MMXM3.SA,Mineração de Minério de Ferro,Materiais Básicos,Mineração,Minerais Metálicos,www.mmx.com.br,https://sistemaswebb3-listados.b3.com.br/listedCompaniesPage/main/17914/MMXM/overview?language=pt-br
PARANAPANEMA,PMAM,PARANAPANEMA S.A.,NOVO MERCADO,Homologado,2069566247.56,04/09/2019,43403849,0,43403849,60.398.369/0004-79,9393,PMAM3.SA,Metalurgia do cobre e suas ligas,Materiais Básicos,Siderurgia e Metalurgia,Artefatos de Cobre,www.paranapanema.com.br,https://sistemaswebb3-listados.b3.com.br/listedCompaniesPage/main/9393/PMAM/overview?language=pt-br
SUZANO S.A.,SUZB,SUZANO S.A.,NOVO MERCADO,Homologado,9269281424.63,10/01/2019,1361263584,0,1361263584,16.404.287/0001-55,13986,SUZB3.SA,Indústria e Comércio de Papel e Celulose,Materiais Básicos,Madeira e Papel,Papel e Celulose,www.suzano.com.br/ri,https://sistemaswebb3-listados.b3.com.br/listedCompaniesPage/main/13986/SUZB/overview?language=pt-br
VALE,VALE,VALE S.A.,NOVO MERCADO,Homologado,77300000000.0,24/02/2022,4999040051,12,4999040063,33.592.510/0001-54,4170,VALE3.SA,Mineração,Materiais Básicos,Mineração,Minerais Metálicos,,https://sistemaswebb3-listados.b3.com.br/listedCompaniesPage/main/4170/VALE/overview?language=pt-br
COSAN,CSAN,COSAN S.A.,NOVO MERCADO,Homologado,8402543550.97,29/04/2022,1874070932,0,1874070932,50.746.577/0001-15,19836,CSAN3.SA,Produção de Açúcar. Etanol e Cogeração de Energia. Distribuição de Combustíveis.Produção e Distribuição de Lubrificantes.Tranporte e Carregamento de Açúcar. Operador de Terras e Distribuição de Gás.,Petróleo. Gás e Biocombustíveis,Petróleo. Gás e Biocombustíveis,Exploração. Refino e Distribuição,www.cosan.com.br/ri,https://sistemaswebb3-listados.b3.com.br/listedCompaniesPage/main/19836/CSAN/overview?language=pt-br
ENAUTA PART,ENAT,ENAUTA PARTICIPAÇÕES S.A.,NOVO MERCADO,Homologado,2135496103.82,02/03/2011,265806905,0,265806905,11.669.021/0001-10,22365,ENAT3.SA,Participação em sociedades que se dediquem à exploração. produção e comercialização de petróleo. gás natural e seus derivados. seja como sócio ou acionista ou outras formas de associações.,Petróleo. Gás e Biocombustíveis,Petróleo. Gás e Biocombustíveis,Exploração. Refino e Distribuição,www.qgep.com.br,https://sistemaswebb3-listados.b3.com.br/listedCompaniesPage/main/22365/ENAT/overview?language=pt-br
LUPATECH,LUPA,LUPATECH S.A.,NOVO MERCADO,Homologado,1897431479.42,31/03/2022,29211160,0,29211160,89.463.822/0001-12,20060,LUPA3.SA,Fabricante de equipamentos e provedor de serviços para o setor de Petróleo e Gás.,Petróleo. Gás e Biocombustíveis,Petróleo. Gás e Biocombustíveis,Equipamentos e Serviços,www.lupatech.com.br,https://sistemaswebb3-listados.b3.com.br/listedCompaniesPage/main/20060/LUPA/overview?language=pt-br
OSX BRASIL,OSXB,OSX BRASIL S.A.,NOVO MERCADO,Homologado,35263600.0,27/11/2018,3148038,0,3148038,09.112.685/0001-32,21342,OSXB3.SA,Equipamentos e Serviços para a indústria offshore de petróleo e gás natural.,Petróleo. Gás e Biocombustíveis,Petróleo. Gás e Biocombustíveis,Equipamentos e Serviços,www.osx.com.br,https://sistemaswebb3-listados.b3.com.br/listedCompaniesPage/main/21342/OSXB/overview?language=pt-br
PETRORIO,PRIO,PETRO RIO S.A.,NOVO MERCADO,Homologado,5543047869.79,03/01/2022,882646385,0,882646385,10.629.105/0001-68,22187,PRIO3.SA,A Companhia tem por objeto a participação em outras sociedades como sócia. acionista ou quotista. no país ou no exterior. desde que visando à consecução de atividades relacionadas à energia.,Petróleo. Gás e Biocombustíveis,Petróleo. Gás e Biocombustíveis,Exploração. Refino e Distribuição,www.petroriosa.com.br,https://sistemaswebb3-listados.b3.com.br/listedCompaniesPage/main/22187/PRIO/overview?language=pt-br
ULTRAPAR,UGPA,ULTRAPAR PARTICIPACOES S.A.,NOVO MERCADO,Homologado,5171751608.08,23/02/2022,1115151608,0,1115151608,33.256.439/0001-39,18465,UGPA3.SA,Atuação em energia e infraestrutura por meio da Ipiranga. Ultragaz e Ultracargo. especialidades químicas através da Oxiteno e varejo farmacêutico com a Extrafarma.,Petróleo. Gás e Biocombustíveis,Petróleo. Gás e Biocombustíveis,Exploração. Refino e Distribuição,www.ultra.com.br,https://sistemaswebb3-listados.b3.com.br/listedCompaniesPage/main/18465/UGPA/overview?language=pt-br
ALLIAR,AALR,CENTRO DE IMAGEM DIAGNOSTICOS S.A.,NOVO MERCADO,Homologado,635371970.99,08/05/2017,118292816,0,118292816,42.771.949/0001-35,24058,AALR3.SA,Prestação de serviços de medicina diagnóstica,Saúde,Serv.Méd.Hospit..Análises e Diagnósticos,Serv.Méd.Hospit..Análises e Diagnósticos,http://ri.alliar.com/,https://sistemaswebb3-listados.b3.com.br/listedCompaniesPage/main/24058/AALR/overview?language=pt-br
DASA,DASA,DIAGNOSTICOS DA AMERICA S.A.,NOVO MERCADO,Homologado,16359198784.94,31/01/2022,560578264,0,560578264,61.486.650/0001-83,19623,DASA3.SA,Análises Clínicas e Medicina Diagnóstica,Saúde,Serv.Méd.Hospit..Análises e Diagnósticos,Serv.Méd.Hospit..Análises e Diagnósticos,www.dasa3.com.br,https://sistemaswebb3-listados.b3.com.br/listedCompaniesPage/main/19623/DASA/overview?language=pt-br
DIMED,PNVL,DIMED S.A. DISTRIBUIDORA DE MEDICAMENTOS,NOVO MERCADO,Homologado,943000000.0,29/04/2022,150377481,0,150377481,92.665.611/0001-77,9342,PNVL3.SA,Comercio atacadista e varejista de medicamentos e produtos de perfumaria e toucador,Saúde,Comércio e Distribuição,Medicamentos e Outros Produtos,www.panvel.com.br,https://sistemaswebb3-listados.b3.com.br/listedCompaniesPage/main/9342/PNVL/overview?language=pt-br
FLEURY,FLRY,FLEURY S.A.,NOVO MERCADO,Homologado,1460037680.17,02/08/2021,317943996,0,317943996,60.840.055/0001-31,21881,FLRY3.SA,(i) prestação de serviços médicos e medicina diagnóstica; (ii) consultoria. assessoria. cursos. gestão de doenças crônicas; (iii) pesquisa e desenvolvimento; (iv) a prestação de serviços a terceiros,Saúde,Serv.Méd.Hospit..Análises e Diagnósticos,Serv.Méd.Hospit..Análises e Diagnósticos,www.fleury.com.br/ri,https://sistemaswebb3-listados.b3.com.br/listedCompaniesPage/main/21881/FLRY/overview?language=pt-br
HYPERA,HYPE,HYPERA S.A.,NOVO MERCADO,Homologado,4478126287.55,24/11/2020,633420823,0,633420823,02.932.074/0001-91,21431,HYPE3.SA,Fabricacão de Medicamentos Alopáticos para uso humano,Saúde,Comércio e Distribuição,Medicamentos e Outros Produtos,www.hypermarcas.com.br,https://sistemaswebb3-listados.b3.com.br/listedCompaniesPage/main/21431/HYPE/overview?language=pt-br
IHPARDINI,PARD,INSTITUTO HERMES PARDINI S.A.,NOVO MERCADO,Homologado,593776501.6,29/04/2022,130978595,0,130978595,19.378.769/0001-76,24090,PARD3.SA,Prestação de serviços de medicina diagnóstica.,Saúde,Serv.Méd.Hospit..Análises e Diagnósticos,Serv.Méd.Hospit..Análises e Diagnósticos,www3.hermespardini.com.br/ri,https://sistemaswebb3-listados.b3.com.br/listedCompaniesPage/main/24090/PARD/overview?language=pt-br
ODONTOPREV,ODPV,ODONTOPREV S.A.,NOVO MERCADO,Homologado,851016554.14,04/04/2022,568465803,0,568465803,58.119.199/0001-51,20125,ODPV3.SA,Operadora de planos odontológicos,Saúde,Serv.Méd.Hospit..Análises e Diagnósticos,Serv.Méd.Hospit..Análises e Diagnósticos,www.odontoprev.com.br/ri,https://sistemaswebb3-listados.b3.com.br/listedCompaniesPage/main/20125/ODPV/overview?language=pt-br
OUROFINO S/A,OFSA,OURO FINO SAUDE ANIMAL PARTICIPACOES S.A.,NOVO MERCADO,Homologado,458101920.03,09/04/2021,53949006,0,53949006,20.258.278/0001-70,23507,OFSA3.SA,Participação em outras sociedades que execerçam atividades de desenvolvimento. fabricação e comercialização de produtos destinados ao setor de saúde animal.,Saúde,Medicamentos e Outros Produtos,Medicamentos e Outros Produtos,http://ri.ourofino.com/,https://sistemaswebb3-listados.b3.com.br/listedCompaniesPage/main/23507/OFSA/overview?language=pt-br
PROFARMA,PFRM,PROFARMA DISTRIB PROD FARMACEUTICOS S.A.,NOVO MERCADO,Homologado,1043663369.72,23/12/2020,123812773,0,123812773,45.453.214/0001-51,20346,PFRM3.SA,Profarma atua na distribuição de produtos farmacêuticos. higiene pessoal e cosméticos. nos mais populosos estados brasileiros.,Saúde,Comércio e Distribuição,Medicamentos e Outros Produtos,www.profarma.com.br,https://sistemaswebb3-listados.b3.com.br/listedCompaniesPage/main/20346/PFRM/overview?language=pt-br
QUALICORP,QUAL,QUALICORP CONSULTORIA E CORRETORA DE SEGUROS S.A.,NOVO MERCADO,Homologado,896557588.73,12/11/2019,284014325,0,284014325,11.992.680/0001-93,22497,QUAL3.SA,Prestação de serviços e gestão de benefícios de assistência à saúde.,Saúde,Serv.Méd.Hospit..Análises e Diagnósticos,Serv.Méd.Hospit..Análises e Diagnósticos,www.qualicorp.com.br,https://sistemaswebb3-listados.b3.com.br/listedCompaniesPage/main/22497/QUAL/overview?language=pt-br
RAIADROGASIL,RADL,RAIA DROGASIL S.A.,NOVO MERCADO,Homologado,2500000000.0,15/09/2020,1651930000,0,1651930000,61.585.865/0001-51,5258,RADL3.SA,Comércio de Produtos Farmacêuticos. Perfumarias e Afins,Saúde,Comércio e Distribuição,Medicamentos e Outros Produtos,www.rd.com.br,https://sistemaswebb3-listados.b3.com.br/listedCompaniesPage/main/5258/RADL/overview?language=pt-br
PADTEC,PDTC,PADTEC HOLDING S.A.,NOVO MERCADO,Homologado,199211288.23,05/06/2020,78449779,0,78449779,02.365.069/0001-44,18414,PDTC3.SA,Participação em outras sociedades. fdos de investimento. carteiras de valores mobiliários ou outros veículos de investimento. que atuem na área de tecnologia. em especial na Padtec S.A.,Tecnologia da Informação,Programas e Serviços,Programas e Serviços,www.padtec.com.br,https://sistemaswebb3-listados.b3.com.br/listedCompaniesPage/main/18414/PDTC/overview?language=pt-br
POSITIVO TEC,POSI,POSITIVO TECNOLOGIA S.A.,NOVO MERCADO,Homologado,742700000.0,30/01/2020,141800000,0,141800000,81.243.735/0001-48,20362,POSI3.SA,Fabricação de hardware.,Tecnologia da Informação,Computadores e Equipamentos,Computadores e Equipamentos,www.positivoinformatica.com.br/ri,https://sistemaswebb3-listados.b3.com.br/listedCompaniesPage/main/20362/POSI/overview?language=pt-br
SINQIA,SQIA,SINQIA S.A.,NOVO MERCADO,Homologado,813303273.84,03/09/2021,87941972,0,87941972,04.065.791/0001-99,22799,SQIA3.SA,Produção. desenvolvimento. licenciamento. sublicenciamento e distribuição de programas de computador (software) e outras atividades. conforme descritas no Estatuto Social da Companhia.,Tecnologia da Informação,Programas e Serviços,Programas e Serviços,www.sinqia.com.br,https://sistemaswebb3-listados.b3.com.br/listedCompaniesPage/main/22799/SQIA/overview?language=pt-br
TOTVS,TOTS,TOTVS S.A.,NOVO MERCADO,Homologado,2962584687.27,22/09/2021,617183181,0,617183181,53.113.791/0001-22,19992,TOTS3.SA,Prestação de serviços de consultoria. assessoria e desenvolvimento de sistemas informatizados (software). atividades de pesquisa e inovação tecnológica. prestação de serviços relacionados à gestão.,Tecnologia da Informação,Programas e Serviços,Programas e Serviços,www.totvs.com.br,https://sistemaswebb3-listados.b3.com.br/listedCompaniesPage/main/19992/TOTS/overview?language=pt-br
SABESP,SBSP,CIA SANEAMENTO BASICO EST SAO PAULO,NOVO MERCADO,Homologado,15000000000.0,13/12/2018,683509869,0,683509869,43.776.517/0001-80,14443,SBSP3.SA,Abastecimento de água. esgotamento sanitário. drenagem e manejo de águas pluviais urbanas. limpeza urbana. manejo de resíduos sólidos e energia.,Utilidade Pública,Água e Saneamento,Água e Saneamento,www.sabesp.com.br,https://sistemaswebb3-listados.b3.com.br/listedCompaniesPage/main/14443/SBSP/overview?language=pt-br
COPASA,CSMG,CIA SANEAMENTO DE MINAS GERAIS-COPASA MG,NOVO MERCADO,Homologado,3402385609.47,19/11/2020,380253069,0,380253069,17.281.106/0001-03,19445,CSMG3.SA,Prestar Serviços de Saneamento.,Utilidade Pública,Água e Saneamento,Água e Saneamento,www.copasa.com.br,https://sistemaswebb3-listados.b3.com.br/listedCompaniesPage/main/19445/CSMG/overview?language=pt-br
CPFL ENERGIA,CPFE,CPFL ENERGIA S.A.,NOVO MERCADO,Homologado,9435625759.75,27/06/2019,1152254440,0,1152254440,02.429.144/0001-93,18660,CPFE3.SA,Gestão de Participações Societárias (Holdings),Utilidade Pública,Energia Elétrica,Energia Elétrica,www.cpfl.com.br,https://sistemaswebb3-listados.b3.com.br/listedCompaniesPage/main/18660/CPFE/overview?language=pt-br
ENERGIAS BR,ENBR,EDP - ENERGIAS DO BRASIL S.A.,NOVO MERCADO,Homologado,5502715947.12,25/10/2021,581165268,0,581165268,03.983.431/0001-03,19763,ENBR3.SA,Área de Negócios: Geração. Distribuição. Transmissão e Comercialização de Energia Elétrica,Utilidade Pública,Energia Elétrica,Energia Elétrica,www.edpbr.com.br,https://sistemaswebb3-listados.b3.com.br/listedCompaniesPage/main/19763/ENBR/overview?language=pt-br
ENEVA,ENEV,ENEVA S.A,NOVO MERCADO,Homologado,9044992243.4,04/02/2022,1283339183,0,1283339183,04.423.567/0001-21,21237,ENEV3.SA,Empresa de recursos naturais e de geração de energia elétrica. Integração vertical na geração de energia elétrica.,Utilidade Pública,Energia Elétrica,Energia Elétrica,www.eneva.com.br,https://sistemaswebb3-listados.b3.com.br/listedCompaniesPage/main/21237/ENEV/overview?language=pt-br
ENGIE BRASIL,EGIE,ENGIE BRASIL ENERGIA S.A.,NOVO MERCADO,Homologado,4902647710.37,07/12/2018,815927740,0,815927740,02.474.103/0001-19,17329,EGIE3.SA,GERAÇÃO. COMERCIALIZAÇÃO E TRANSMISSÃO DE ENERGIA ELÉTRICA,Utilidade Pública,Energia Elétrica,Energia Elétrica,www.engie.com.br,https://sistemaswebb3-listados.b3.com.br/listedCompaniesPage/main/17329/EGIE/overview?language=pt-br
EQUATORIAL,EQTL,EQUATORIAL ENERGIA S.A.,NOVO MERCADO,Homologado,8906721209.59,28/04/2022,1128934585,0,1128934585,03.220.438/0001-73,20010,EQTL3.SA,Empresa holding com atuação no setor elétrico,Utilidade Pública,Energia Elétrica,Energia Elétrica,www.equatorialenergia.com.br,https://sistemaswebb3-listados.b3.com.br/listedCompaniesPage/main/20010/EQTL/overview?language=pt-br
LIGHT S/A,LIGT,LIGHT S.A.,NOVO MERCADO,Homologado,5473247477.89,25/06/2021,372555324,0,372555324,03.378.521/0001-75,19879,LIGT3.SA,Participação em sociedades p/ exploração serviços de energia elétrica,Utilidade Pública,Energia Elétrica,Energia Elétrica,www.light.com.br,https://sistemaswebb3-listados.b3.com.br/listedCompaniesPage/main/19879/LIGT/overview?language=pt-br
